,InvoiceNo,StockCode,Description,Quantity,InvoiceDate,UnitPrice,CustomerID,Country
29732,538826,85123A,WHITE HANGING HEART T-LIGHT HOLDER,64,12/14/2010 12:58,2.55,12370.0,Cyprus
29733,538826,21031,SPACE CADET BLACK,10,12/14/2010 12:58,1.25,12370.0,Cyprus
29734,538826,21026,SPACE OWL,10,12/14/2010 12:58,1.25,12370.0,Cyprus
29735,538826,21025,SPACE FROG,10,12/14/2010 12:58,1.25,12370.0,Cyprus
29736,538826,21032,SPACE CADET WHITE,10,12/14/2010 12:58,1.25,12370.0,Cyprus
29737,538826,21030,SPACE CADET RED,10,12/14/2010 12:58,1.25,12370.0,Cyprus
29738,538826,21027,NINJA RABBIT PINK,10,12/14/2010 12:58,1.25,12370.0,Cyprus
29739,538826,22804,CANDLEHOLDER PINK HANGING HEART,9,12/14/2010 12:58,2.95,12370.0,Cyprus
29740,538826,21733,RED HANGING HEART T-LIGHT HOLDER,16,12/14/2010 12:58,2.95,12370.0,Cyprus
29741,538826,20846,ZINC HEART LATTICE T-LIGHT HOLDER,20,12/14/2010 12:58,1.25,12370.0,Cyprus
29742,538826,20972,PINK CREAM FELT CRAFT TRINKET BOX ,2,12/14/2010 12:58,1.25,12370.0,Cyprus
29743,538826,22749,FELTCRAFT PRINCESS CHARLOTTE DOLL,1,12/14/2010 12:58,3.75,12370.0,Cyprus
29744,538826,22749,FELTCRAFT PRINCESS CHARLOTTE DOLL,1,12/14/2010 12:58,3.75,12370.0,Cyprus
29745,538826,22274,FELTCRAFT DOLL EMILY,1,12/14/2010 12:58,2.95,12370.0,Cyprus
29746,538826,22272,FELTCRAFT DOLL MARIA,1,12/14/2010 12:58,2.95,12370.0,Cyprus
29747,538826,22751,FELTCRAFT PRINCESS OLIVIA DOLL,2,12/14/2010 12:58,3.75,12370.0,Cyprus
29748,538826,22569,FELTCRAFT CUSHION BUTTERFLY,2,12/14/2010 12:58,3.75,12370.0,Cyprus
29749,538826,22568,FELTCRAFT CUSHION OWL,2,12/14/2010 12:58,3.75,12370.0,Cyprus
29750,538826,20970,PINK FLORAL FELTCRAFT SHOULDER BAG,1,12/14/2010 12:58,3.75,12370.0,Cyprus
29751,538826,20969,RED FLORAL FELTCRAFT SHOULDER BAG,1,12/14/2010 12:58,3.75,12370.0,Cyprus
29752,538826,20967,GREY FLORAL FELTCRAFT SHOULDER BAG,1,12/14/2010 12:58,3.75,12370.0,Cyprus
29753,538826,22150,3 STRIPEY MICE FELTCRAFT,3,12/14/2010 12:58,1.95,12370.0,Cyprus
29754,538826,22149,FELTCRAFT 6 FLOWER FRIENDS,3,12/14/2010 12:58,2.1,12370.0,Cyprus
29755,538826,22147,FELTCRAFT BUTTERFLY HEARTS,4,12/14/2010 12:58,1.45,12370.0,Cyprus
29756,538826,22270,HAPPY EASTER HANGING DECORATION,13,12/14/2010 12:58,3.75,12370.0,Cyprus
29757,538826,72741,GRAND CHOCOLATECANDLE,18,12/14/2010 12:58,1.45,12370.0,Cyprus
29758,538826,47566,PARTY BUNTING,1,12/14/2010 12:58,4.65,12370.0,Cyprus
29759,538826,47590B,PINK HAPPY BIRTHDAY BUNTING,1,12/14/2010 12:58,5.45,12370.0,Cyprus
29760,538826,47590A,BLUE HAPPY BIRTHDAY BUNTING,2,12/14/2010 12:58,5.45,12370.0,Cyprus
29761,538826,21326,AGED GLASS SILVER T-LIGHT HOLDER,24,12/14/2010 12:58,0.65,12370.0,Cyprus
29762,538826,22214,CANDLE PLATE LACE WHITE,24,12/14/2010 12:58,2.55,12370.0,Cyprus
29763,538826,22465,HANGING METAL STAR LANTERN,12,12/14/2010 12:58,1.65,12370.0,Cyprus
29764,538826,22784,LANTERN CREAM GAZEBO ,9,12/14/2010 12:58,4.95,12370.0,Cyprus
29765,538826,22291,HANGING CHICK CREAM DECORATION,24,12/14/2010 12:58,1.45,12370.0,Cyprus
29766,538826,85195,HANGING HEART BASKET,8,12/14/2010 12:58,2.1,12370.0,Cyprus
29767,538826,21357,TOAST ITS - DINOSAUR,2,12/14/2010 12:58,1.25,12370.0,Cyprus
29768,538826,21356,TOAST ITS - FAIRY FLOWER,1,12/14/2010 12:58,1.25,12370.0,Cyprus
29769,538826,21355,TOAST ITS - I LOVE YOU ,1,12/14/2010 12:58,1.25,12370.0,Cyprus
29770,538826,21358,TOAST ITS - HAPPY BIRTHDAY,5,12/14/2010 12:58,1.25,12370.0,Cyprus
29771,538826,20974,12 PENCILS SMALL TUBE SKULL,6,12/14/2010 12:58,0.65,12370.0,Cyprus
29772,538826,22070,SMALL RED RETROSPOT MUG IN BOX ,5,12/14/2010 12:58,3.75,12370.0,Cyprus
29773,538826,22071,SMALL WHITE RETROSPOT MUG IN BOX ,5,12/14/2010 12:58,3.75,12370.0,Cyprus
29774,538826,35961,FOLKART ZINC HEART CHRISTMAS DEC,12,12/14/2010 12:58,0.85,12370.0,Cyprus
29775,538826,22294,HEART FILIGREE DOVE  SMALL,48,12/14/2010 12:58,1.25,12370.0,Cyprus
29776,538826,21683,MEDIUM MEDINA STAMPED METAL BOWL ,6,12/14/2010 12:58,2.95,12370.0,Cyprus
29777,538826,21684,SMALL MEDINA STAMPED METAL BOWL ,24,12/14/2010 12:58,0.85,12370.0,Cyprus
29778,538826,22297,HEART IVORY TRELLIS SMALL,48,12/14/2010 12:58,1.25,12370.0,Cyprus
29779,538826,22335,HEART DECORATION PAINTED ZINC ,96,12/14/2010 12:58,0.65,12370.0,Cyprus
29780,538826,22296,HEART IVORY TRELLIS LARGE,24,12/14/2010 12:58,1.65,12370.0,Cyprus
29781,538826,20961,STRAWBERRY BATH SPONGE ,10,12/14/2010 12:58,1.25,12370.0,Cyprus
29782,538826,20963,APPLE BATH SPONGE,10,12/14/2010 12:58,1.25,12370.0,Cyprus
29783,538826,20966,SANDWICH BATH SPONGE,10,12/14/2010 12:58,1.25,12370.0,Cyprus
29784,538826,18097C,WHITE TALL PORCELAIN T-LIGHT HOLDER,5,12/14/2010 12:58,2.55,12370.0,Cyprus
29785,538826,22083,PAPER CHAIN KIT RETROSPOT,1,12/14/2010 12:58,2.95,12370.0,Cyprus
29786,538826,22085,PAPER CHAIN KIT SKULLS ,1,12/14/2010 12:58,2.95,12370.0,Cyprus
29787,538826,22088,PAPER BUNTING COLOURED LACE,1,12/14/2010 12:58,2.95,12370.0,Cyprus
29788,538826,21207,SKULL AND CROSSBONES  GARLAND ,1,12/14/2010 12:58,1.65,12370.0,Cyprus
29789,538826,22087,PAPER BUNTING WHITE LACE,1,12/14/2010 12:58,2.95,12370.0,Cyprus
29790,538826,21188,3D HEARTS  HONEYCOMB PAPER GARLAND,1,12/14/2010 12:58,2.95,12370.0,Cyprus
29791,538826,20707,CRAZY DAISY HEART DECORATION,1,12/14/2010 12:58,1.25,12370.0,Cyprus
29792,538826,47574A,ENGLISH ROSE SCENTED HANGING FLOWER,1,12/14/2010 12:58,4.25,12370.0,Cyprus
29793,538826,22582,PACK OF 6 SWEETIE GIFT BOXES,6,12/14/2010 12:58,2.55,12370.0,Cyprus
29794,538826,21189,WHITE HONEYCOMB PAPER GARLAND ,2,12/14/2010 12:58,1.65,12370.0,Cyprus
29795,538826,21231,SWEETHEART CERAMIC TRINKET BOX,8,12/14/2010 12:58,1.25,12370.0,Cyprus
29796,538826,35924,HANGING FAIRY CAKE DECORATION,10,12/14/2010 12:58,2.1,12370.0,Cyprus
29797,538826,21106,CREAM SLICE FLANNEL CHOCOLATE SPOT ,3,12/14/2010 12:58,2.95,12370.0,Cyprus
29798,538826,21110,LARGE CAKE TOWEL PINK SPOTS,6,12/14/2010 12:58,6.75,12370.0,Cyprus
29799,538826,21109,LARGE CAKE TOWEL CHOCOLATE SPOTS,3,12/14/2010 12:58,6.75,12370.0,Cyprus
29800,538826,21232,STRAWBERRY CERAMIC TRINKET BOX,18,12/14/2010 12:58,1.25,12370.0,Cyprus
29801,538826,85194L,HANGING SPRING FLOWER EGG LARGE,36,12/14/2010 12:58,0.85,12370.0,Cyprus
29802,538826,21107,CREAM SLICE FLANNEL PINK SPOT ,24,12/14/2010 12:58,2.55,12370.0,Cyprus
29803,538826,84879,ASSORTED COLOUR BIRD ORNAMENT,24,12/14/2010 12:58,1.69,12370.0,Cyprus
29804,538826,21385,IVORY HANGING DECORATION  HEART,24,12/14/2010 12:58,0.85,12370.0,Cyprus
29805,538826,21111,"SWISS ROLL TOWEL, CHOCOLATE  SPOTS",12,12/14/2010 12:58,2.95,12370.0,Cyprus
29806,538826,22746,POPPY'S PLAYHOUSE LIVINGROOM ,1,12/14/2010 12:58,2.1,12370.0,Cyprus
29807,538826,22745,POPPY'S PLAYHOUSE BEDROOM ,1,12/14/2010 12:58,2.1,12370.0,Cyprus
29808,538826,22747,POPPY'S PLAYHOUSE BATHROOM,1,12/14/2010 12:58,2.1,12370.0,Cyprus
29809,538826,22748,POPPY'S PLAYHOUSE KITCHEN,1,12/14/2010 12:58,2.1,12370.0,Cyprus
29810,538826,21112,"SWISS ROLL TOWEL, PINK  SPOTS",12,12/14/2010 12:58,2.95,12370.0,Cyprus
29811,538826,21381,MINI WOODEN HAPPY BIRTHDAY GARLAND,24,12/14/2010 12:58,1.69,12370.0,Cyprus
29812,538826,21390,FILIGRIS HEART WITH BUTTERFLY,24,12/14/2010 12:58,1.25,12370.0,Cyprus
29813,538826,21108,FAIRY CAKE FLANNEL ASSORTED COLOUR,9,12/14/2010 12:58,2.55,12370.0,Cyprus
29814,538826,21380,WOODEN HAPPY BIRTHDAY GARLAND,12,12/14/2010 12:58,2.95,12370.0,Cyprus
54380,540946,22511,RETROSPOT BABUSHKA DOORSTOP,8,1/12/2011 12:43,1.25,12359.0,Cyprus
54381,540946,22510,GINGHAM BABUSHKA DOORSTOP,8,1/12/2011 12:43,1.25,12359.0,Cyprus
54382,540946,22656,VINTAGE BLUE KITCHEN CABINET,1,1/12/2011 12:43,125.0,12359.0,Cyprus
54383,540946,22720,SET OF 3 CAKE TINS PANTRY DESIGN ,3,1/12/2011 12:43,4.95,12359.0,Cyprus
54384,540946,22721,SET OF 3 CAKE TINS SKETCHBOOK,3,1/12/2011 12:43,4.95,12359.0,Cyprus
54385,540946,22666,RECIPE BOX PANTRY YELLOW DESIGN,6,1/12/2011 12:43,2.95,12359.0,Cyprus
54386,540946,82484,WOOD BLACK BOARD ANT WHITE FINISH,12,1/12/2011 12:43,5.55,12359.0,Cyprus
54387,540946,22423,REGENCY CAKESTAND 3 TIER,6,1/12/2011 12:43,12.75,12359.0,Cyprus
54388,540946,20704,MR ROBOT SOFT TOY,8,1/12/2011 12:43,1.95,12359.0,Cyprus
54389,540946,82613B,"METAL SIGN,CUPCAKE SINGLE HOOK",20,1/12/2011 12:43,0.42,12359.0,Cyprus
54390,540946,85054,FRENCH ENAMEL POT W LID,12,1/12/2011 12:43,1.25,12359.0,Cyprus
54391,540946,82613C,"METAL SIGN,CUPCAKE SINGLE HOOK",20,1/12/2011 12:43,0.42,12359.0,Cyprus
54392,540946,20705,MRS ROBOT SOFT TOY,8,1/12/2011 12:43,1.95,12359.0,Cyprus
54393,540946,22471,TV DINNER TRAY AIR HOSTESS ,8,1/12/2011 12:43,1.95,12359.0,Cyprus
54394,540946,82613D,METAL SIGN CUPCAKE SINGLE HOOK,20,1/12/2011 12:43,0.42,12359.0,Cyprus
54395,540946,22655,VINTAGE RED KITCHEN CABINET,1,1/12/2011 12:43,125.0,12359.0,Cyprus
83782,543350,84823,DANISH ROSE FOLDING CHAIR,1,2/7/2011 13:15,7.95,13809.0,Cyprus
83783,543350,22423,REGENCY CAKESTAND 3 TIER,1,2/7/2011 13:15,12.75,13809.0,Cyprus
83784,543350,37449,CERAMIC CAKE STAND + HANGING CAKES,1,2/7/2011 13:15,9.95,13809.0,Cyprus
83785,543350,22660,DOORMAT I LOVE LONDON,1,2/7/2011 13:15,7.95,13809.0,Cyprus
83786,543350,48185,DOORMAT FAIRY CAKE,1,2/7/2011 13:15,7.95,13809.0,Cyprus
83787,543350,22804,CANDLEHOLDER PINK HANGING HEART,4,2/7/2011 13:15,2.95,13809.0,Cyprus
83788,543350,22804,CANDLEHOLDER PINK HANGING HEART,5,2/7/2011 13:15,2.95,13809.0,Cyprus
83789,543350,22200,FRYING PAN PINK POLKADOT,1,2/7/2011 13:15,4.25,13809.0,Cyprus
83790,543350,21340,CLASSIC METAL BIRDCAGE PLANT HOLDER,3,2/7/2011 13:15,12.75,13809.0,Cyprus
83791,543350,22221,CAKE STAND LOVEBIRD 2 TIER PINK,1,2/7/2011 13:15,9.95,13809.0,Cyprus
83792,543350,85123A,WHITE HANGING HEART T-LIGHT HOLDER,8,2/7/2011 13:15,2.95,13809.0,Cyprus
83793,543350,82494L,WOODEN FRAME ANTIQUE WHITE ,2,2/7/2011 13:15,2.95,13809.0,Cyprus
84105,543370,22692,DOORMAT WELCOME TO OUR HOME,2,2/7/2011 14:51,7.95,12359.0,Cyprus
84106,543370,22918,HERB MARKER PARSLEY,12,2/7/2011 14:51,0.65,12359.0,Cyprus
84107,543370,21912,VINTAGE SNAKES & LADDERS,4,2/7/2011 14:51,3.75,12359.0,Cyprus
84108,543370,21754,HOME BUILDING BLOCK WORD,3,2/7/2011 14:51,5.95,12359.0,Cyprus
84109,543370,21755,LOVE BUILDING BLOCK WORD,3,2/7/2011 14:51,5.95,12359.0,Cyprus
84110,543370,21756,BATH BUILDING BLOCK WORD,3,2/7/2011 14:51,5.95,12359.0,Cyprus
84111,543370,22917,HERB MARKER ROSEMARY,12,2/7/2011 14:51,0.65,12359.0,Cyprus
84112,543370,22919,HERB MARKER MINT,12,2/7/2011 14:51,0.65,12359.0,Cyprus
84113,543370,22920,HERB MARKER BASIL,12,2/7/2011 14:51,0.65,12359.0,Cyprus
84114,543370,22709,WRAP WEDDING DAY,25,2/7/2011 14:51,0.42,12359.0,Cyprus
84115,543370,23230,WRAP ALPHABET DESIGN,25,2/7/2011 14:51,0.42,12359.0,Cyprus
84116,543370,22411,JUMBO SHOPPER VINTAGE RED PAISLEY,10,2/7/2011 14:51,1.95,12359.0,Cyprus
84117,543370,22827,RUSTIC  SEVENTEEN DRAWER SIDEBOARD,2,2/7/2011 14:51,145.0,12359.0,Cyprus
84118,543370,22722,SET OF 6 SPICE TINS PANTRY DESIGN,4,2/7/2011 14:51,3.95,12359.0,Cyprus
84119,543370,22914,BLUE COAT RACK PARIS FASHION,3,2/7/2011 14:51,4.95,12359.0,Cyprus
84120,543370,22912,YELLOW COAT RACK PARIS FASHION,3,2/7/2011 14:51,4.95,12359.0,Cyprus
84121,543370,22385,JUMBO BAG SPACEBOY DESIGN,10,2/7/2011 14:51,1.95,12359.0,Cyprus
84122,543370,22555,PLASTERS IN TIN STRONGMAN,12,2/7/2011 14:51,1.65,12359.0,Cyprus
84123,543370,22556,PLASTERS IN TIN CIRCUS PARADE ,12,2/7/2011 14:51,1.65,12359.0,Cyprus
84124,543370,22652,TRAVEL SEWING KIT,10,2/7/2011 14:51,1.65,12359.0,Cyprus
84125,543370,22494,EMERGENCY FIRST AID TIN ,12,2/7/2011 14:51,1.25,12359.0,Cyprus
84126,543370,22659,LUNCH BOX I LOVE LONDON,12,2/7/2011 14:51,1.95,12359.0,Cyprus
84127,543370,22616,PACK OF 12 LONDON TISSUES ,24,2/7/2011 14:51,0.29,12359.0,Cyprus
84128,543370,48185,DOORMAT FAIRY CAKE,2,2/7/2011 14:51,7.95,12359.0,Cyprus
84129,543370,22960,JAM MAKING SET WITH JARS,6,2/7/2011 14:51,4.25,12359.0,Cyprus
84130,543370,22961,JAM MAKING SET PRINTED,12,2/7/2011 14:51,1.45,12359.0,Cyprus
84131,543370,22665,RECIPE BOX BLUE SKETCHBOOK DESIGN,6,2/7/2011 14:51,2.95,12359.0,Cyprus
84132,543370,22776,SWEETHEART CAKESTAND 3 TIER,4,2/7/2011 14:51,9.95,12359.0,Cyprus
84133,543370,22799,SWEETHEART WIRE FRUIT BOWL,4,2/7/2011 14:51,8.5,12359.0,Cyprus
84134,543370,22858,EASTER TIN KEEPSAKE,6,2/7/2011 14:51,1.65,12359.0,Cyprus
84135,543370,22860,EASTER TIN CHICKS PINK DAISY,6,2/7/2011 14:51,1.65,12359.0,Cyprus
84136,543370,22900, SET 2 TEA TOWELS I LOVE LONDON ,6,2/7/2011 14:51,2.95,12359.0,Cyprus
84137,543370,22916,HERB MARKER THYME,12,2/7/2011 14:51,0.65,12359.0,Cyprus
84138,543370,21745,GAOLERS KEYS DECORATIVE GARDEN ,4,2/7/2011 14:51,3.75,12359.0,Cyprus
84139,543370,21781,MA CAMPAGNE CUTLERY BOX,1,2/7/2011 14:51,14.95,12359.0,Cyprus
84140,543370,22472,TV DINNER TRAY DOLLY GIRL,3,2/7/2011 14:51,4.95,12359.0,Cyprus
84141,543370,22838,3 TIER CAKE TIN RED AND CREAM,2,2/7/2011 14:51,14.95,12359.0,Cyprus
84142,543370,22840,ROUND CAKE TIN VINTAGE RED,2,2/7/2011 14:51,7.95,12359.0,Cyprus
84143,543370,22841,ROUND CAKE TIN VINTAGE GREEN,2,2/7/2011 14:51,7.95,12359.0,Cyprus
84144,543370,22844,VINTAGE CREAM DOG FOOD CONTAINER,2,2/7/2011 14:51,8.5,12359.0,Cyprus
84145,543370,22845,VINTAGE CREAM CAT FOOD CONTAINER,2,2/7/2011 14:51,6.35,12359.0,Cyprus
84146,543370,22852,DOG BOWL VINTAGE CREAM,4,2/7/2011 14:51,4.25,12359.0,Cyprus
84147,543370,22853,CAT BOWL VINTAGE CREAM,6,2/7/2011 14:51,3.25,12359.0,Cyprus
84148,543370,22839,3 TIER CAKE TIN GREEN AND CREAM,2,2/7/2011 14:51,14.95,12359.0,Cyprus
84149,543370,35241,ENAMEL BLUE RIM BISCUIT BIN,3,2/7/2011 14:51,4.95,12359.0,Cyprus
84150,543370,22636,CHILDS BREAKFAST SET CIRCUS PARADE,2,2/7/2011 14:51,8.5,12359.0,Cyprus
84151,543370,21790,VINTAGE SNAP CARDS,12,2/7/2011 14:51,0.85,12359.0,Cyprus
84152,543370,22623,BOX OF VINTAGE JIGSAW BLOCKS ,3,2/7/2011 14:51,4.95,12359.0,Cyprus
84153,543370,22192,BLUE DINER WALL CLOCK,2,2/7/2011 14:51,8.5,12359.0,Cyprus
84154,543370,22193,RED DINER WALL CLOCK,2,2/7/2011 14:51,8.5,12359.0,Cyprus
84155,543370,22846,BREAD BIN DINER STYLE RED ,2,2/7/2011 14:51,16.95,12359.0,Cyprus
84156,543370,22847,BREAD BIN DINER STYLE IVORY,2,2/7/2011 14:51,16.95,12359.0,Cyprus
84157,543370,22849,BREAD BIN DINER STYLE MINT,2,2/7/2011 14:51,16.95,12359.0,Cyprus
84158,543370,22474,SPACEBOY TV DINNER TRAY,3,2/7/2011 14:51,4.95,12359.0,Cyprus
84159,543370,21931,JUMBO STORAGE BAG SUKI,10,2/7/2011 14:51,1.95,12359.0,Cyprus
84160,543370,22896,PEG BAG APPLES DESIGN,6,2/7/2011 14:51,2.55,12359.0,Cyprus
84161,543370,22627,MINT KITCHEN SCALES,2,2/7/2011 14:51,8.5,12359.0,Cyprus
84162,543370,22625,RED KITCHEN SCALES,2,2/7/2011 14:51,8.5,12359.0,Cyprus
84163,543370,22626,BLACK KITCHEN SCALES,2,2/7/2011 14:51,8.5,12359.0,Cyprus
84164,543370,22624,IVORY KITCHEN SCALES,2,2/7/2011 14:51,8.5,12359.0,Cyprus
84165,543370,22788,BROCANTE COAT RACK,1,2/7/2011 14:51,9.95,12359.0,Cyprus
84166,543370,22501,PICNIC BASKET WICKER LARGE,2,2/7/2011 14:51,9.95,12359.0,Cyprus
84167,543370,22502,PICNIC BASKET WICKER SMALL,4,2/7/2011 14:51,5.95,12359.0,Cyprus
84168,543370,22476,EMPIRE UNION JACK TV DINNER TRAY,3,2/7/2011 14:51,4.95,12359.0,Cyprus
84169,543370,22207,FRYING PAN UNION FLAG,4,2/7/2011 14:51,4.25,12359.0,Cyprus
84170,543370,22666,RECIPE BOX PANTRY YELLOW DESIGN,6,2/7/2011 14:51,2.95,12359.0,Cyprus
84171,543370,22963,JAM JAR WITH GREEN LID,12,2/7/2011 14:51,0.85,12359.0,Cyprus
84172,543370,22962,JAM JAR WITH PINK LID,12,2/7/2011 14:51,0.85,12359.0,Cyprus
84173,543370,22699,ROSES REGENCY TEACUP AND SAUCER ,6,2/7/2011 14:51,2.95,12359.0,Cyprus
84174,543370,22697,GREEN REGENCY TEACUP AND SAUCER,6,2/7/2011 14:51,2.95,12359.0,Cyprus
84175,543370,22567,20 DOLLY PEGS RETROSPOT,12,2/7/2011 14:51,1.25,12359.0,Cyprus
84176,543370,47566,PARTY BUNTING,5,2/7/2011 14:51,4.65,12359.0,Cyprus
84177,543370,22199,FRYING PAN RED RETROSPOT,4,2/7/2011 14:51,4.25,12359.0,Cyprus
84178,543370,22927,GREEN GIANT GARDEN THERMOMETER,2,2/7/2011 14:51,5.95,12359.0,Cyprus
84179,543370,22925,BLUE GIANT GARDEN THERMOMETER,2,2/7/2011 14:51,5.95,12359.0,Cyprus
84180,543370,21054,NURSE'S BAG SOFT TOY,1,2/7/2011 14:51,8.95,12359.0,Cyprus
84181,543370,21056,DOCTOR'S BAG SOFT TOY,1,2/7/2011 14:51,8.95,12359.0,Cyprus
84182,543370,22926,IVORY GIANT GARDEN THERMOMETER,2,2/7/2011 14:51,5.95,12359.0,Cyprus
84183,543370,22656,VINTAGE BLUE KITCHEN CABINET,1,2/7/2011 14:51,125.0,12359.0,Cyprus
84184,543370,22655,VINTAGE RED KITCHEN CABINET,1,2/7/2011 14:51,125.0,12359.0,Cyprus
91370,544097,22914,BLUE COAT RACK PARIS FASHION,3,2/16/2011 9:56,4.95,12455.0,Cyprus
91371,544097,22913,RED COAT RACK PARIS FASHION,3,2/16/2011 9:56,4.95,12455.0,Cyprus
91372,544097,22804,CANDLEHOLDER PINK HANGING HEART,32,2/16/2011 9:56,2.55,12455.0,Cyprus
91373,544097,71459,HANGING JAM JAR T-LIGHT HOLDER,96,2/16/2011 9:56,0.72,12455.0,Cyprus
91374,544097,84755,COLOUR GLASS T-LIGHT HOLDER HANGING,64,2/16/2011 9:56,0.65,12455.0,Cyprus
91375,544097,84970S,HANGING HEART ZINC T-LIGHT HOLDER,48,2/16/2011 9:56,0.85,12455.0,Cyprus
91376,544097,84950,ASSORTED COLOUR T-LIGHT HOLDER,96,2/16/2011 9:56,0.55,12455.0,Cyprus
91377,544097,84843,WHITE SOAP RACK WITH 2 BOTTLES,2,2/16/2011 9:56,5.95,12455.0,Cyprus
91378,544097,84356,POMPOM CURTAIN,4,2/16/2011 9:56,6.95,12455.0,Cyprus
91379,544097,22227,HANGING HEART MIRROR DECORATION ,48,2/16/2011 9:56,0.65,12455.0,Cyprus
91380,544097,22335,HEART DECORATION PAINTED ZINC ,288,2/16/2011 9:56,0.55,12455.0,Cyprus
91381,544097,22595,GINGHAM HEART DECORATION,48,2/16/2011 9:56,0.85,12455.0,Cyprus
91382,544097,22597,MUSICAL ZINC HEART DECORATION ,48,2/16/2011 9:56,0.85,12455.0,Cyprus
91383,544097,84988,SET OF 72 PINK HEART PAPER DOILIES,12,2/16/2011 9:56,1.45,12455.0,Cyprus
91384,544097,84279P,CHERRY BLOSSOM  DECORATIVE FLASK,8,2/16/2011 9:56,3.75,12455.0,Cyprus
91385,544097,84279B,CHERRY BLOSSOM DECORATIVE FLASK,8,2/16/2011 9:56,3.75,12455.0,Cyprus
91386,544097,22151,PLACE SETTING WHITE HEART,72,2/16/2011 9:56,0.42,12455.0,Cyprus
91387,544097,47580,TEA TIME DES TEA COSY,6,2/16/2011 9:56,2.55,12455.0,Cyprus
91388,544097,22189,CREAM HEART CARD HOLDER,12,2/16/2011 9:56,3.95,12455.0,Cyprus
91389,544097,22188,BLACK HEART CARD HOLDER,4,2/16/2011 9:56,3.95,12455.0,Cyprus
91390,544097,21974,SET OF 36 PAISLEY FLOWER DOILIES,12,2/16/2011 9:56,1.45,12455.0,Cyprus
91391,544097,85123A,WHITE HANGING HEART T-LIGHT HOLDER,32,2/16/2011 9:56,2.55,12455.0,Cyprus
91392,544097,21326,AGED GLASS SILVER T-LIGHT HOLDER,72,2/16/2011 9:56,0.65,12455.0,Cyprus
91393,544097,37449,CERAMIC CAKE STAND + HANGING CAKES,8,2/16/2011 9:56,8.5,12455.0,Cyprus
91394,544097,22252,BIRDCAGE DECORATION TEALIGHT HOLDER,96,2/16/2011 9:56,1.06,12455.0,Cyprus
91395,544097,20702,PINK PADDED MOBILE,6,2/16/2011 9:56,4.25,12455.0,Cyprus
91396,544097,22317,FIVE CATS HANGING DECORATION,6,2/16/2011 9:56,2.95,12455.0,Cyprus
91397,544097,21194,PINK  HONEYCOMB PAPER FAN,24,2/16/2011 9:56,2.1,12455.0,Cyprus
91398,544097,21195,PINK  HONEYCOMB PAPER BALL ,24,2/16/2011 9:56,2.1,12455.0,Cyprus
91399,544097,21208,PASTEL COLOUR HONEYCOMB FAN,24,2/16/2011 9:56,1.65,12455.0,Cyprus
91400,544097,21209,MULTICOLOUR HONEYCOMB FAN,24,2/16/2011 9:56,1.65,12455.0,Cyprus
91401,544097,21200,MULTICOLOUR HONEYCOMB PAPER GARLAND,12,2/16/2011 9:56,1.65,12455.0,Cyprus
91402,544097,37450,CERAMIC CAKE BOWL + HANGING CAKES,6,2/16/2011 9:56,2.95,12455.0,Cyprus
91403,544097,21947,SET OF 6 HEART CHOPSTICKS,12,2/16/2011 9:56,1.25,12455.0,Cyprus
91404,544097,21948,SET OF 6 CAKE CHOPSTICKS,12,2/16/2011 9:56,1.25,12455.0,Cyprus
91405,544097,84510A,SET OF 4 ENGLISH ROSE COASTERS,10,2/16/2011 9:56,1.25,12455.0,Cyprus
91406,544097,22602,RETROSPOT WOODEN HEART DECORATION,48,2/16/2011 9:56,0.85,12455.0,Cyprus
91407,544097,22855,FINE WICKER HEART ,48,2/16/2011 9:56,1.06,12455.0,Cyprus
91408,544097,84836,ZINC METAL HEART DECORATION,48,2/16/2011 9:56,1.25,12455.0,Cyprus
91409,544097,85061W,WHITE JEWELLED HEART DECORATION,48,2/16/2011 9:56,0.85,12455.0,Cyprus
91410,544097,85131A,BEADED PEARL HEART WHITE ON STICK,48,2/16/2011 9:56,1.25,12455.0,Cyprus
94139,544331,POST,POSTAGE,1,2/17/2011 17:05,15.0,12455.0,Cyprus
96654,544574,22128,PARTY CONES CANDY ASSORTED,12,2/21/2011 13:51,1.25,12365.0,Cyprus
96655,544574,20972,PINK CREAM FELT CRAFT TRINKET BOX ,12,2/21/2011 13:51,1.25,12365.0,Cyprus
96656,544574,22585,PACK OF 6 BIRDY GIFT TAGS,12,2/21/2011 13:51,1.25,12365.0,Cyprus
96657,544574,21107,CREAM SLICE FLANNEL PINK SPOT ,6,2/21/2011 13:51,2.95,12365.0,Cyprus
96658,544574,21106,CREAM SLICE FLANNEL CHOCOLATE SPOT ,6,2/21/2011 13:51,2.95,12365.0,Cyprus
96659,544574,21358,TOAST ITS - HAPPY BIRTHDAY,12,2/21/2011 13:51,1.25,12365.0,Cyprus
96660,544574,21356,TOAST ITS - FAIRY FLOWER,12,2/21/2011 13:51,1.25,12365.0,Cyprus
96661,544574,21355,TOAST ITS - I LOVE YOU ,12,2/21/2011 13:51,1.25,12365.0,Cyprus
96662,544574,22423,REGENCY CAKESTAND 3 TIER,1,2/21/2011 13:51,12.75,12365.0,Cyprus
96663,544574,22699,ROSES REGENCY TEACUP AND SAUCER ,6,2/21/2011 13:51,2.95,12365.0,Cyprus
96664,544574,22698,PINK REGENCY TEACUP AND SAUCER,6,2/21/2011 13:51,2.95,12365.0,Cyprus
96665,544574,84987,SET OF 36 TEATIME PAPER DOILIES,12,2/21/2011 13:51,1.45,12365.0,Cyprus
96666,544574,21974,SET OF 36 PAISLEY FLOWER DOILIES,12,2/21/2011 13:51,1.45,12365.0,Cyprus
96667,544574,21408,SPOTTY PINK DUCK DOORSTOP,3,2/21/2011 13:51,4.25,12365.0,Cyprus
96668,544574,22915,ASSORTED BOTTLE TOP  MAGNETS ,12,2/21/2011 13:51,0.42,12365.0,Cyprus
96669,544574,72807A,SET/3 ROSE CANDLE IN JEWELLED BOX,4,2/21/2011 13:51,4.25,12365.0,Cyprus
96670,544574,22478,BIRDHOUSE GARDEN MARKER ,10,2/21/2011 13:51,1.25,12365.0,Cyprus
96671,544574,22224,WHITE LOVEBIRD LANTERN,6,2/21/2011 13:51,2.95,12365.0,Cyprus
96672,544574,84884A,ANT WHITE WIRE HEART SPIRAL,5,2/21/2011 13:51,3.95,12365.0,Cyprus
96673,544574,22697,GREEN REGENCY TEACUP AND SAUCER,6,2/21/2011 13:51,2.95,12365.0,Cyprus
96674,544574,21651,HANGING GLASS ETCHED TEALIGHT,6,2/21/2011 13:51,1.65,12365.0,Cyprus
96677,C544577,M,Manual,-1,2/21/2011 14:02,320.69,12365.0,Cyprus
96678,544578,M,Manual,1,2/21/2011 14:04,320.69,12365.0,Cyprus
116269,546236,84568,GIRLS ALPHABET IRON ON PATCHES ,288,3/10/2011 12:48,0.21,12370.0,Cyprus
116270,546236,84598,BOYS ALPHABET IRON ON PATCHES,288,3/10/2011 12:48,0.21,12370.0,Cyprus
116271,546236,22224,WHITE LOVEBIRD LANTERN,6,3/10/2011 12:48,2.95,12370.0,Cyprus
116272,546236,22784,LANTERN CREAM GAZEBO ,6,3/10/2011 12:48,4.95,12370.0,Cyprus
116273,546236,37495,FAIRY CAKE BIRTHDAY CANDLE SET,20,3/10/2011 12:48,3.75,12370.0,Cyprus
116274,546236,21055,TOOL BOX SOFT TOY ,4,3/10/2011 12:48,8.95,12370.0,Cyprus
116275,546236,21056,DOCTOR'S BAG SOFT TOY,6,3/10/2011 12:48,8.95,12370.0,Cyprus
116276,546236,22565,FELTCRAFT HAIRBANDS PINK AND WHITE ,24,3/10/2011 12:48,0.85,12370.0,Cyprus
116277,546236,22566,FELTCRAFT HAIRBAND PINK AND PURPLE,24,3/10/2011 12:48,0.85,12370.0,Cyprus
116278,546236,22568,FELTCRAFT CUSHION OWL,4,3/10/2011 12:48,3.75,12370.0,Cyprus
116279,546236,22569,FELTCRAFT CUSHION BUTTERFLY,4,3/10/2011 12:48,3.75,12370.0,Cyprus
116280,546236,22570,FELTCRAFT CUSHION RABBIT,4,3/10/2011 12:48,3.75,12370.0,Cyprus
116281,546236,22274,FELTCRAFT DOLL EMILY,6,3/10/2011 12:48,2.95,12370.0,Cyprus
116282,546236,22273,FELTCRAFT DOLL MOLLY,6,3/10/2011 12:48,2.95,12370.0,Cyprus
116283,546236,22272,FELTCRAFT DOLL MARIA,6,3/10/2011 12:48,2.95,12370.0,Cyprus
116284,546236,22271,FELTCRAFT DOLL ROSIE,6,3/10/2011 12:48,2.95,12370.0,Cyprus
116285,546236,20967,GREY FLORAL FELTCRAFT SHOULDER BAG,4,3/10/2011 12:48,3.75,12370.0,Cyprus
116286,546236,20969,RED FLORAL FELTCRAFT SHOULDER BAG,4,3/10/2011 12:48,3.75,12370.0,Cyprus
116287,546236,20970,PINK FLORAL FELTCRAFT SHOULDER BAG,4,3/10/2011 12:48,3.75,12370.0,Cyprus
116288,546236,22749,FELTCRAFT PRINCESS CHARLOTTE DOLL,4,3/10/2011 12:48,3.75,12370.0,Cyprus
116289,546236,22750,FELTCRAFT PRINCESS LOLA DOLL,4,3/10/2011 12:48,3.75,12370.0,Cyprus
116290,546236,22751,FELTCRAFT PRINCESS OLIVIA DOLL,4,3/10/2011 12:48,3.75,12370.0,Cyprus
116291,546236,22229,BUNNY WOODEN PAINTED WITH FLOWER ,12,3/10/2011 12:48,0.85,12370.0,Cyprus
116292,546236,22230,JIGSAW TREE WITH WATERING CAN,12,3/10/2011 12:48,0.85,12370.0,Cyprus
116293,546236,22231,JIGSAW TREE WITH BIRDHOUSE,12,3/10/2011 12:48,1.45,12370.0,Cyprus
116294,546236,22233,JIGSAW RABBIT AND BIRDHOUSE,12,3/10/2011 12:48,1.65,12370.0,Cyprus
116295,546236,22857,ASSORTED EASTER GIFT TAGS,12,3/10/2011 12:48,0.85,12370.0,Cyprus
116296,546236,35912B,WHITE/PINK CHICK DECORATION,12,3/10/2011 12:48,1.25,12370.0,Cyprus
116297,546236,35913B,WHITE/PINK CHICK EASTER DECORATION,12,3/10/2011 12:48,0.85,12370.0,Cyprus
116298,546236,85199L,LARGE HANGING IVORY & RED WOOD BIRD,12,3/10/2011 12:48,0.65,12370.0,Cyprus
116299,546236,85199S,SMALL HANGING IVORY/RED WOOD BIRD,24,3/10/2011 12:48,0.42,12370.0,Cyprus
116300,546236,22779,WOODEN OWLS LIGHT GARLAND ,4,3/10/2011 12:48,4.25,12370.0,Cyprus
116301,546236,22780,LIGHT GARLAND BUTTERFILES PINK,4,3/10/2011 12:48,4.25,12370.0,Cyprus
116302,546236,20653,CHERRY BLOSSOM LUGGAGE TAG,12,3/10/2011 12:48,1.25,12370.0,Cyprus
116303,546236,20658,RED RETROSPOT LUGGAGE TAG,12,3/10/2011 12:48,1.25,12370.0,Cyprus
116304,546236,85095,THREE CANVAS LUGGAGE TAGS,8,3/10/2011 12:48,1.95,12370.0,Cyprus
116305,546236,20654,FIRST CLASS LUGGAGE TAG ,12,3/10/2011 12:48,1.25,12370.0,Cyprus
116306,546236,22524,CHILDRENS GARDEN GLOVES BLUE,10,3/10/2011 12:48,1.25,12370.0,Cyprus
116307,546236,22525,CHILDRENS GARDEN GLOVES PINK,10,3/10/2011 12:48,1.25,12370.0,Cyprus
116308,546236,22523,CHILDS GARDEN FORK PINK,12,3/10/2011 12:48,0.85,12370.0,Cyprus
116309,546236,22522,CHILDS GARDEN FORK BLUE ,12,3/10/2011 12:48,0.85,12370.0,Cyprus
116310,546236,22521,CHILDS GARDEN TROWEL PINK,12,3/10/2011 12:48,0.85,12370.0,Cyprus
116311,546236,22520,CHILDS GARDEN TROWEL BLUE ,12,3/10/2011 12:48,0.85,12370.0,Cyprus
116312,546236,21108,FAIRY CAKE FLANNEL ASSORTED COLOUR,9,3/10/2011 12:48,2.55,12370.0,Cyprus
116313,546236,21110,LARGE CAKE TOWEL PINK SPOTS,2,3/10/2011 12:48,6.75,12370.0,Cyprus
116314,546236,22477,WATERING CAN GARDEN MARKER,10,3/10/2011 12:48,1.25,12370.0,Cyprus
116315,546236,18097C,WHITE TALL PORCELAIN T-LIGHT HOLDER,6,3/10/2011 12:48,2.55,12370.0,Cyprus
116316,546236,22148,EASTER CRAFT 4 CHICKS ,12,3/10/2011 12:48,1.95,12370.0,Cyprus
154936,C549955,22839,3 TIER CAKE TIN GREEN AND CREAM,-2,4/13/2011 13:38,14.95,12359.0,Cyprus
154937,C549955,22666,RECIPE BOX PANTRY YELLOW DESIGN,-2,4/13/2011 13:38,2.95,12359.0,Cyprus
212384,555477,85099C,JUMBO  BAG BAROQUE BLACK WHITE,10,6/3/2011 12:26,2.08,12359.0,Cyprus
212385,555477,22993,SET OF 4 PANTRY JELLY MOULDS,24,6/3/2011 12:26,1.25,12359.0,Cyprus
212386,555477,23050,RECYCLED ACAPULCO MAT GREEN,2,6/3/2011 12:26,8.25,12359.0,Cyprus
212387,555477,23049,RECYCLED ACAPULCO MAT RED,2,6/3/2011 12:26,8.25,12359.0,Cyprus
212388,555477,23051,RECYCLED ACAPULCO MAT BLUE,2,6/3/2011 12:26,8.25,12359.0,Cyprus
212389,555477,23052,RECYCLED ACAPULCO MAT TURQUOISE,2,6/3/2011 12:26,8.25,12359.0,Cyprus
212390,555477,23053,RECYCLED ACAPULCO MAT PINK,2,6/3/2011 12:26,8.25,12359.0,Cyprus
212391,555477,23054,RECYCLED ACAPULCO MAT LAVENDER,2,6/3/2011 12:26,8.25,12359.0,Cyprus
212392,555477,23126,FELTCRAFT GIRL AMELIE KIT,4,6/3/2011 12:26,4.95,12359.0,Cyprus
212393,555477,23176,ABC TREASURE BOOK BOX ,8,6/3/2011 12:26,2.25,12359.0,Cyprus
212394,555477,23177,TREASURE ISLAND BOOK BOX,8,6/3/2011 12:26,2.25,12359.0,Cyprus
212395,555477,23182,TOILET SIGN OCCUPIED OR VACANT,24,6/3/2011 12:26,0.83,12359.0,Cyprus
212396,555477,23194,GYMKHANA TREASURE BOOK BOX,8,6/3/2011 12:26,2.25,12359.0,Cyprus
212397,555477,23199,JUMBO BAG APPLES,10,6/3/2011 12:26,2.08,12359.0,Cyprus
212398,555477,22501,PICNIC BASKET WICKER LARGE,4,6/3/2011 12:26,9.95,12359.0,Cyprus
212399,555477,23208,LUNCH BAG VINTAGE LEAF DESIGN,10,6/3/2011 12:26,1.65,12359.0,Cyprus
212400,555477,23206,LUNCH BAG APPLE DESIGN,10,6/3/2011 12:26,1.65,12359.0,Cyprus
212401,555477,22477,WATERING CAN GARDEN MARKER,10,6/3/2011 12:26,1.25,12359.0,Cyprus
212402,555477,21277,FRENCH STYLE EMBOSSED HEART CABINET,1,6/3/2011 12:26,21.95,12359.0,Cyprus
212403,555477,22109,FULL ENGLISH BREAKFAST PLATE,12,6/3/2011 12:26,3.75,12359.0,Cyprus
212404,555477,22908,PACK OF 20 NAPKINS RED APPLES,12,6/3/2011 12:26,0.85,12359.0,Cyprus
212405,555477,22907,PACK OF 20 NAPKINS PANTRY DESIGN,12,6/3/2011 12:26,0.85,12359.0,Cyprus
212406,555477,22365,DOORMAT RESPECTABLE HOUSE,6,6/3/2011 12:26,7.95,12359.0,Cyprus
212407,555477,21770,OPEN CLOSED METAL SIGN,6,6/3/2011 12:26,4.95,12359.0,Cyprus
212408,555477,22991,GIRAFFE WOODEN RULER,12,6/3/2011 12:26,1.95,12359.0,Cyprus
212409,555477,22652,TRAVEL SEWING KIT,10,6/3/2011 12:26,1.65,12359.0,Cyprus
212410,555477,21260,FIRST AID TIN,6,6/3/2011 12:26,3.25,12359.0,Cyprus
212411,555477,21906,PHARMACIE FIRST AID TIN,4,6/3/2011 12:26,6.75,12359.0,Cyprus
212412,555477,23201,JUMBO BAG ALPHABET,10,6/3/2011 12:26,2.08,12359.0,Cyprus
212413,555477,82600,NO SINGING METAL SIGN,12,6/3/2011 12:26,2.1,12359.0,Cyprus
212414,555477,21843,RED RETROSPOT CAKE STAND,2,6/3/2011 12:26,10.95,12359.0,Cyprus
212415,555477,22423,REGENCY CAKESTAND 3 TIER,8,6/3/2011 12:26,12.75,12359.0,Cyprus
212416,555477,22699,ROSES REGENCY TEACUP AND SAUCER ,6,6/3/2011 12:26,2.95,12359.0,Cyprus
212417,555477,23191,BUNDLE OF 3 RETRO NOTE BOOKS,12,6/3/2011 12:26,1.65,12359.0,Cyprus
212418,555477,23284,DOORMAT KEEP CALM AND COME IN,4,6/3/2011 12:26,7.95,12359.0,Cyprus
212419,555477,23283,DOORMAT VINTAGE LEAVES DESIGN ,2,6/3/2011 12:26,7.95,12359.0,Cyprus
212420,555477,23298,SPOTTY BUNTING,3,6/3/2011 12:26,4.95,12359.0,Cyprus
212421,555477,23202,JUMBO BAG VINTAGE LEAF,10,6/3/2011 12:26,2.08,12359.0,Cyprus
212422,555477,23162,REGENCY TEA STRAINER,4,6/3/2011 12:26,3.75,12359.0,Cyprus
212423,555477,23175,REGENCY MILK JUG PINK ,6,6/3/2011 12:26,3.25,12359.0,Cyprus
212424,555477,23174,REGENCY SUGAR BOWL GREEN,6,6/3/2011 12:26,4.15,12359.0,Cyprus
212425,555477,23173,REGENCY TEAPOT ROSES ,4,6/3/2011 12:26,9.95,12359.0,Cyprus
212426,555477,23172,REGENCY TEA PLATE PINK,12,6/3/2011 12:26,1.65,12359.0,Cyprus
212427,555477,23171,REGENCY TEA PLATE GREEN ,12,6/3/2011 12:26,1.65,12359.0,Cyprus
212428,555477,23170,REGENCY TEA PLATE ROSES ,12,6/3/2011 12:26,1.65,12359.0,Cyprus
212429,555477,82484,WOOD BLACK BOARD ANT WHITE FINISH,6,6/3/2011 12:26,7.95,12359.0,Cyprus
212430,555477,23110,PARISIENNE KEY CABINET ,2,6/3/2011 12:26,5.75,12359.0,Cyprus
346549,567188,15056N,EDWARDIAN PARASOL NATURAL,33,9/19/2011 9:04,5.95,12457.0,Cyprus
375974,569489,15056N,EDWARDIAN PARASOL NATURAL,33,10/4/2011 13:13,5.95,12457.0,Cyprus
375975,C569490,15056N,EDWARDIAN PARASOL NATURAL,-33,10/4/2011 13:15,5.95,12457.0,Cyprus
383128,570000,22066,LOVE HEART TRINKET POT,48,10/7/2011 8:55,0.39,12420.0,Cyprus
383129,570000,22138,BAKING SET 9 PIECE RETROSPOT ,3,10/7/2011 8:55,4.95,12420.0,Cyprus
383130,570000,22509,SEWING BOX RETROSPOT DESIGN ,2,10/7/2011 8:55,16.95,12420.0,Cyprus
383131,570000,23236,STORAGE TIN VINTAGE DOILY ,6,10/7/2011 8:55,2.89,12420.0,Cyprus
383132,570000,20749,ASSORTED COLOUR MINI CASES,4,10/7/2011 8:55,7.95,12420.0,Cyprus
383133,570000,20750,RED RETROSPOT MINI CASES,4,10/7/2011 8:55,7.95,12420.0,Cyprus
383134,570000,85232D,SET/3 DECOUPAGE STACKING TINS,3,10/7/2011 8:55,4.95,12420.0,Cyprus
383135,570000,23247,BISCUIT TIN 50'S CHRISTMAS,12,10/7/2011 8:55,2.89,12420.0,Cyprus
383136,570000,22720,SET OF 3 CAKE TINS PANTRY DESIGN ,3,10/7/2011 8:55,4.95,12420.0,Cyprus
383137,570000,22721,SET OF 3 CAKE TINS SKETCHBOOK,3,10/7/2011 8:55,4.95,12420.0,Cyprus
383138,570000,23245,SET OF 3 REGENCY CAKE TINS,4,10/7/2011 8:55,4.95,12420.0,Cyprus
383139,570000,22500,SET OF 2 TINS JARDIN DE PROVENCE,4,10/7/2011 8:55,4.95,12420.0,Cyprus
383140,570000,23244,ROUND STORAGE TIN VINTAGE LEAF,6,10/7/2011 8:55,1.95,12420.0,Cyprus
383141,570000,23299,FOOD COVER WITH BEADS SET 2 ,6,10/7/2011 8:55,3.75,12420.0,Cyprus
383142,570000,22055,MINI CAKE STAND  HANGING STRAWBERY,8,10/7/2011 8:55,1.65,12420.0,Cyprus
383143,570000,22061,LARGE CAKE STAND  HANGING STRAWBERY,4,10/7/2011 8:55,9.95,12420.0,Cyprus
383144,570000,22890,NOVELTY BISCUITS CAKE STAND 3 TIER,2,10/7/2011 8:55,9.95,12420.0,Cyprus
383145,570000,22423,REGENCY CAKESTAND 3 TIER,1,10/7/2011 8:55,12.75,12420.0,Cyprus
383146,570000,37449,CERAMIC CAKE STAND + HANGING CAKES,2,10/7/2011 8:55,9.95,12420.0,Cyprus
383147,570000,37446,MINI CAKE STAND WITH HANGING CAKES,8,10/7/2011 8:55,1.45,12420.0,Cyprus
383148,570000,22197,POPCORN HOLDER,12,10/7/2011 8:55,0.85,12420.0,Cyprus
383149,570000,22649,STRAWBERRY FAIRY CAKE TEAPOT,8,10/7/2011 8:55,4.95,12420.0,Cyprus
383150,570000,22446,PIN CUSHION BABUSHKA PINK,6,10/7/2011 8:55,3.35,12420.0,Cyprus
383151,570000,22448,PIN CUSHION BABUSHKA RED,6,10/7/2011 8:55,3.35,12420.0,Cyprus
383152,570000,85203,HANGING WOOD AND FELT BUTTERFLY ,24,10/7/2011 8:55,0.42,12420.0,Cyprus
383153,570000,85204,HANGING WOOD AND FELT FLOWER,96,10/7/2011 8:55,0.12,12420.0,Cyprus
383154,570000,22128,PARTY CONES CANDY ASSORTED,24,10/7/2011 8:55,1.25,12420.0,Cyprus
383155,570000,22129,PARTY CONES CANDY DECORATION,12,10/7/2011 8:55,0.85,12420.0,Cyprus
383156,570000,21648,ASSORTED TUTTI FRUTTI SMALL PURSE,24,10/7/2011 8:55,1.25,12420.0,Cyprus
395367,571034,22487,WHITE WOOD GARDEN PLANT LADDER,4,10/13/2011 12:47,8.5,12359.0,Cyprus
395368,571034,23021,GLASS BONNE JAM JAR,4,10/13/2011 12:47,4.15,12359.0,Cyprus
395369,571034,23013,GLASS APOTHECARY BOTTLE TONIC,4,10/13/2011 12:47,3.95,12359.0,Cyprus
395370,571034,23020,GLASS  SONGBIRD STORAGE JAR,4,10/13/2011 12:47,12.5,12359.0,Cyprus
395371,571034,23245,SET OF 3 REGENCY CAKE TINS,4,10/13/2011 12:47,4.95,12359.0,Cyprus
395372,571034,22423,REGENCY CAKESTAND 3 TIER,4,10/13/2011 12:47,12.75,12359.0,Cyprus
395373,571034,23012,GLASS APOTHECARY BOTTLE PERFUME,4,10/13/2011 12:47,3.95,12359.0,Cyprus
395374,571034,82484,WOOD BLACK BOARD ANT WHITE FINISH,4,10/13/2011 12:47,7.95,12359.0,Cyprus
395375,571034,21116,OWL DOORSTOP,3,10/13/2011 12:47,4.95,12359.0,Cyprus
395376,571034,21523,DOORMAT FANCY FONT HOME SWEET HOME,2,10/13/2011 12:47,7.95,12359.0,Cyprus
395377,571034,22690,DOORMAT HOME SWEET HOME BLUE ,2,10/13/2011 12:47,7.95,12359.0,Cyprus
395378,571034,22827,RUSTIC  SEVENTEEN DRAWER SIDEBOARD,2,10/13/2011 12:47,145.0,12359.0,Cyprus
395379,571034,22826,LOVE SEAT ANTIQUE WHITE METAL,2,10/13/2011 12:47,85.0,12359.0,Cyprus
395380,571034,22847,BREAD BIN DINER STYLE IVORY,1,10/13/2011 12:47,16.95,12359.0,Cyprus
395381,571034,22846,BREAD BIN DINER STYLE RED ,1,10/13/2011 12:47,16.95,12359.0,Cyprus
395382,571034,22720,SET OF 3 CAKE TINS PANTRY DESIGN ,3,10/13/2011 12:47,4.95,12359.0,Cyprus
395383,571034,22626,BLACK KITCHEN SCALES,2,10/13/2011 12:47,8.5,12359.0,Cyprus
395384,571034,22726,ALARM CLOCK BAKELIKE GREEN,4,10/13/2011 12:47,3.75,12359.0,Cyprus
395385,571034,22727,ALARM CLOCK BAKELIKE RED ,4,10/13/2011 12:47,3.75,12359.0,Cyprus
395386,571034,22725,ALARM CLOCK BAKELIKE CHOCOLATE,4,10/13/2011 12:47,3.75,12359.0,Cyprus
395387,571034,23302,KNEELING MAT HOUSEWORK  DESIGN,12,10/13/2011 12:47,1.65,12359.0,Cyprus
395388,571034,23239,SET OF 4 KNICK KNACK TINS POPPIES,6,10/13/2011 12:47,4.15,12359.0,Cyprus
395389,571034,23301,GARDENERS KNEELING PAD KEEP CALM ,12,10/13/2011 12:47,1.65,12359.0,Cyprus
395390,571034,22627,MINT KITCHEN SCALES,2,10/13/2011 12:47,8.5,12359.0,Cyprus
395391,571034,23346,SPACEBOY BEAKER,12,10/13/2011 12:47,1.25,12359.0,Cyprus
395392,571034,23345, DOLLY GIRL BEAKER,12,10/13/2011 12:47,1.25,12359.0,Cyprus
395393,571034,23355,HOT WATER BOTTLE KEEP CALM,8,10/13/2011 12:47,4.95,12359.0,Cyprus
395394,571034,23356,LOVE HOT WATER BOTTLE,6,10/13/2011 12:47,5.95,12359.0,Cyprus
395395,571034,22797,CHEST OF DRAWERS GINGHAM HEART ,4,10/13/2011 12:47,16.95,12359.0,Cyprus
395396,571034,22778,GLASS CLOCHE SMALL,8,10/13/2011 12:47,3.95,12359.0,Cyprus
395397,571034,22829,SWEETHEART WIRE WALL TIDY,4,10/13/2011 12:47,9.95,12359.0,Cyprus
395398,571034,23094,LE GRAND TRAY CHIC SET,4,10/13/2011 12:47,12.5,12359.0,Cyprus
395399,571034,22795,SWEETHEART RECIPE BOOK STAND,2,10/13/2011 12:47,6.75,12359.0,Cyprus
395400,571034,22794,SWEETHEART WIRE MAGAZINE RACK,2,10/13/2011 12:47,7.95,12359.0,Cyprus
395401,571034,22452,MEASURING TAPE BABUSHKA PINK,6,10/13/2011 12:47,2.95,12359.0,Cyprus
395402,571034,22446,PIN CUSHION BABUSHKA PINK,6,10/13/2011 12:47,3.35,12359.0,Cyprus
395403,571034,21935,SUKI  SHOULDER BAG,10,10/13/2011 12:47,1.65,12359.0,Cyprus
395404,571034,21931,JUMBO STORAGE BAG SUKI,10,10/13/2011 12:47,2.08,12359.0,Cyprus
395405,571034,84078A,SET/4 WHITE RETRO STORAGE CUBES ,2,10/13/2011 12:47,39.95,12359.0,Cyprus
395406,571034,23414,ZINC BOX SIGN HOME,3,10/13/2011 12:47,9.95,12359.0,Cyprus
395407,571034,23237,SET OF 4 KNICK KNACK TINS LEAF,6,10/13/2011 12:47,4.15,12359.0,Cyprus
395408,571034,23238,SET OF 4 KNICK KNACK TINS LONDON ,6,10/13/2011 12:47,4.15,12359.0,Cyprus
395409,571034,23240,SET OF 4 KNICK KNACK TINS DOILY ,6,10/13/2011 12:47,4.15,12359.0,Cyprus
395410,571034,23239,SET OF 4 KNICK KNACK TINS POPPIES,6,10/13/2011 12:47,4.15,12359.0,Cyprus
395411,571034,23370,SET 36 COLOURING PENCILS DOILY,16,10/13/2011 12:47,1.25,12359.0,Cyprus
395412,571034,23371,SET 36 COLOUR PENCILS SPACEBOY ,16,10/13/2011 12:47,1.25,12359.0,Cyprus
395413,571034,23372,SET 36 COLOUR PENCILS DOLLY GIRL,16,10/13/2011 12:47,1.25,12359.0,Cyprus
395414,571034,20751,FUNKY WASHING UP GLOVES ASSORTED,12,10/13/2011 12:47,2.1,12359.0,Cyprus
395415,571034,22109,FULL ENGLISH BREAKFAST PLATE,4,10/13/2011 12:47,3.75,12359.0,Cyprus
395416,571034,21528,DAIRY MAID TRADITIONAL TEAPOT ,2,10/13/2011 12:47,6.95,12359.0,Cyprus
395417,571034,21166,COOK WITH WINE METAL SIGN ,12,10/13/2011 12:47,2.08,12359.0,Cyprus
395418,571034,85099F,JUMBO BAG STRAWBERRY,10,10/13/2011 12:47,2.08,12359.0,Cyprus
395419,571034,85099B,JUMBO BAG RED RETROSPOT,10,10/13/2011 12:47,2.08,12359.0,Cyprus
395420,571034,23199,JUMBO BAG APPLES,10,10/13/2011 12:47,2.08,12359.0,Cyprus
395421,571034,23200,JUMBO BAG PEARS,10,10/13/2011 12:47,2.08,12359.0,Cyprus
395422,571034,21136,PAINTED METAL PEARS ASSORTED,16,10/13/2011 12:47,1.69,12359.0,Cyprus
395423,571034,21916,SET 12 RETRO WHITE CHALK STICKS,24,10/13/2011 12:47,0.42,12359.0,Cyprus
395424,571034,21745,GAOLERS KEYS DECORATIVE GARDEN ,4,10/13/2011 12:47,3.75,12359.0,Cyprus
395425,571034,23390,DOLLY GIRL MINI BACKPACK,4,10/13/2011 12:47,4.15,12359.0,Cyprus
395426,571034,23391, I LOVE LONDON MINI BACKPACK,4,10/13/2011 12:47,4.15,12359.0,Cyprus
395427,571034,23284,DOORMAT KEEP CALM AND COME IN,2,10/13/2011 12:47,8.25,12359.0,Cyprus
395428,571034,23174,REGENCY SUGAR BOWL GREEN,4,10/13/2011 12:47,4.15,12359.0,Cyprus
395429,571034,23100,SILVER BELLS TABLE DECORATION,12,10/13/2011 12:47,1.25,12359.0,Cyprus
395430,571034,23175,REGENCY MILK JUG PINK ,4,10/13/2011 12:47,3.25,12359.0,Cyprus
395431,571034,23173,REGENCY TEAPOT ROSES ,2,10/13/2011 12:47,9.95,12359.0,Cyprus
395432,571034,23172,REGENCY TEA PLATE PINK,12,10/13/2011 12:47,1.65,12359.0,Cyprus
395433,571034,23171,REGENCY TEA PLATE GREEN ,12,10/13/2011 12:47,1.65,12359.0,Cyprus
395434,571034,23170,REGENCY TEA PLATE ROSES ,12,10/13/2011 12:47,1.65,12359.0,Cyprus
395435,571034,22423,REGENCY CAKESTAND 3 TIER,6,10/13/2011 12:47,12.75,12359.0,Cyprus
395436,571034,22699,ROSES REGENCY TEACUP AND SAUCER ,6,10/13/2011 12:47,2.95,12359.0,Cyprus
395437,571034,22698,PINK REGENCY TEACUP AND SAUCER,6,10/13/2011 12:47,2.95,12359.0,Cyprus
395438,571034,22697,GREEN REGENCY TEACUP AND SAUCER,6,10/13/2011 12:47,2.95,12359.0,Cyprus
395439,571034,23315,IVORY REFECTORY CLOCK,2,10/13/2011 12:47,9.95,12359.0,Cyprus
395440,571034,22728,ALARM CLOCK BAKELIKE PINK,4,10/13/2011 12:47,3.75,12359.0,Cyprus
395441,571034,23504,PLAYING CARDS JUBILEE UNION JACK,12,10/13/2011 12:47,1.25,12359.0,Cyprus
395442,571034,23494,VINTAGE DOILY DELUXE SEWING KIT ,3,10/13/2011 12:47,5.95,12359.0,Cyprus
395443,571034,23494,VINTAGE DOILY DELUXE SEWING KIT ,3,10/13/2011 12:47,5.95,12359.0,Cyprus
395444,571034,23493,VINTAGE DOILY TRAVEL SEWING KIT,10,10/13/2011 12:47,1.95,12359.0,Cyprus
395445,571034,23424,GINGHAM RECIPE BOOK BOX,4,10/13/2011 12:47,4.95,12359.0,Cyprus
395446,571034,23421,PANTRY HOOK SPATULA,12,10/13/2011 12:47,2.08,12359.0,Cyprus
395447,571034,23422,PANTRY HOOK BALLOON WHISK ,12,10/13/2011 12:47,2.08,12359.0,Cyprus
395448,571034,23420,PANTRY HOOK TEA STRAINER ,12,10/13/2011 12:47,2.08,12359.0,Cyprus
395449,571034,23423,PANTRY 3 HOOK ROLLING PIN HANGER,6,10/13/2011 12:47,3.75,12359.0,Cyprus
395450,571034,23426,METAL SIGN DROP YOUR PANTS,6,10/13/2011 12:47,2.89,12359.0,Cyprus
395451,571034,23413,VINTAGE COFFEE GRINDER BOX,3,10/13/2011 12:47,4.95,12359.0,Cyprus
395452,571034,23404,HOME SWEET HOME BLACKBOARD,6,10/13/2011 12:47,4.95,12359.0,Cyprus
395453,571034,23397,FOOT STOOL HOME SWEET HOME ,2,10/13/2011 12:47,9.95,12359.0,Cyprus
395454,571034,23188,VINTAGE  2 METRE FOLDING RULER,12,10/13/2011 12:47,1.65,12359.0,Cyprus
395455,571034,23245,SET OF 3 REGENCY CAKE TINS,4,10/13/2011 12:47,4.95,12359.0,Cyprus
395456,571034,22423,REGENCY CAKESTAND 3 TIER,3,10/13/2011 12:47,12.75,12359.0,Cyprus
395457,571034,23542,WALL ART 70'S ALPHABET ,2,10/13/2011 12:47,8.25,12359.0,Cyprus
395458,571034,23535,WALL ART BICYCLE SAFETY,4,10/13/2011 12:47,5.95,12359.0,Cyprus
395459,571034,23536,WALL ART VILLAGE SHOW ,4,10/13/2011 12:47,5.95,12359.0,Cyprus
395460,571034,23537,WALL ART I LOVE LONDON ,6,10/13/2011 12:47,4.95,12359.0,Cyprus
395461,571034,23534,WALL ART STOP FOR TEA ,3,10/13/2011 12:47,5.95,12359.0,Cyprus
395462,571034,23117,POPPY FIELDS CHOPPING BOARD,3,10/13/2011 12:47,4.95,12359.0,Cyprus
395463,571034,23114,VINTAGE LEAF CHOPPING BOARD  ,3,10/13/2011 12:47,4.95,12359.0,Cyprus
395464,571034,23528,WALL ART SPACEBOY,6,10/13/2011 12:47,3.75,12359.0,Cyprus
395465,571034,23529,WALL ART DOLLY GIRL ,6,10/13/2011 12:47,3.75,12359.0,Cyprus
395466,571034,23531,WALL ART BIG LOVE ,3,10/13/2011 12:47,6.95,12359.0,Cyprus
395467,571034,23530,WALL ART ONLY ONE PERSON ,6,10/13/2011 12:47,4.95,12359.0,Cyprus
395468,571034,23526,WALL ART DOG LICENCE ,4,10/13/2011 12:47,5.95,12359.0,Cyprus
395469,571034,23472, NINE DRAWER OFFICE TIDY,4,10/13/2011 12:47,14.95,12359.0,Cyprus
395470,571034,23471,SIX DRAWER OFFICE TIDY,4,10/13/2011 12:47,9.95,12359.0,Cyprus
395471,571034,23503,PLAYING CARDS KEEP CALM & CARRY ON,12,10/13/2011 12:47,1.25,12359.0,Cyprus
407639,571905,22784,LANTERN CREAM GAZEBO ,6,10/19/2011 14:51,4.95,12370.0,Cyprus
407640,571905,22465,HANGING METAL STAR LANTERN,12,10/19/2011 14:51,1.65,12370.0,Cyprus
407641,571905,85180B,PINK HEARTS LIGHT CHAIN ,6,10/19/2011 14:51,4.65,12370.0,Cyprus
407642,571905,23082,SET 6 PAPER TABLE LANTERN HEARTS ,12,10/19/2011 14:51,3.75,12370.0,Cyprus
407643,571905,21808,"CHRISTMAS GARLAND STARS,TREES",12,10/19/2011 14:51,3.75,12370.0,Cyprus
407644,571905,85123A,WHITE HANGING HEART T-LIGHT HOLDER,30,10/19/2011 14:51,2.95,12370.0,Cyprus
407645,571905,18097C,WHITE TALL PORCELAIN T-LIGHT HOLDER,12,10/19/2011 14:51,2.55,12370.0,Cyprus
407646,571905,84946,ANTIQUE SILVER T-LIGHT GLASS,12,10/19/2011 14:51,1.25,12370.0,Cyprus
407647,571905,20969,RED FLORAL FELTCRAFT SHOULDER BAG,4,10/19/2011 14:51,3.75,12370.0,Cyprus
407648,571905,20970,PINK FLORAL FELTCRAFT SHOULDER BAG,4,10/19/2011 14:51,3.75,12370.0,Cyprus
407649,571905,22568,FELTCRAFT CUSHION OWL,4,10/19/2011 14:51,3.75,12370.0,Cyprus
407650,571905,84879,ASSORTED COLOUR BIRD ORNAMENT,24,10/19/2011 14:51,1.69,12370.0,Cyprus
407651,571905,22779,WOODEN OWLS LIGHT GARLAND ,4,10/19/2011 14:51,4.25,12370.0,Cyprus
407652,571905,23083,SET 6 PAPER TABLE LANTERN STARS ,12,10/19/2011 14:51,3.75,12370.0,Cyprus
407653,571905,22780,LIGHT GARLAND BUTTERFILES PINK,4,10/19/2011 14:51,4.25,12370.0,Cyprus
407654,571905,22466,FAIRY TALE COTTAGE NIGHT LIGHT,12,10/19/2011 14:51,1.95,12370.0,Cyprus
407655,571905,84006,MAGIC TREE -PAPER FLOWERS,12,10/19/2011 14:51,0.85,12370.0,Cyprus
407656,571905,84012,MAGIC SHEEP WOOL GROWING FROM PAPER,24,10/19/2011 14:51,0.85,12370.0,Cyprus
407657,571905,22179,SET 10 NIGHT OWL LIGHTS,4,10/19/2011 14:51,6.75,12370.0,Cyprus
407658,571905,79302M,"ART LIGHTS,FUNK MONKEY",6,10/19/2011 14:51,2.95,12370.0,Cyprus
407659,571905,22766,PHOTO FRAME CORNICE,8,10/19/2011 14:51,2.95,12370.0,Cyprus
407660,571905,22767,TRIPLE PHOTO FRAME CORNICE ,4,10/19/2011 14:51,9.95,12370.0,Cyprus
407661,571905,22153,ANGEL DECORATION STARS ON DRESS,48,10/19/2011 14:51,0.42,12370.0,Cyprus
407662,571905,22571,ROCKING HORSE RED CHRISTMAS ,12,10/19/2011 14:51,0.85,12370.0,Cyprus
407663,571905,22154,ANGEL DECORATION 3 BUTTONS ,48,10/19/2011 14:51,0.42,12370.0,Cyprus
407664,571905,22575,METAL MERRY CHRISTMAS WREATH,8,10/19/2011 14:51,1.95,12370.0,Cyprus
407665,571905,23210,WHITE ROCKING HORSE HAND PAINTED,24,10/19/2011 14:51,1.25,12370.0,Cyprus
407666,571905,23213,STAR WREATH DECORATION WITH BELL,12,10/19/2011 14:51,1.25,12370.0,Cyprus
479870,577228,22669,RED BABY BUNTING ,1,11/18/2011 12:07,2.95,12391.0,Cyprus
479871,577228,22668,PINK BABY BUNTING,1,11/18/2011 12:07,2.95,12391.0,Cyprus
479872,577228,22816,CARD MOTORBIKE SANTA,12,11/18/2011 12:07,0.42,12391.0,Cyprus
479873,577228,85088,CANDY SPOT HAND BAG,2,11/18/2011 12:07,2.1,12391.0,Cyprus
479874,577228,23048,SET OF 10 LANTERNS FAIRY LIGHT STAR,1,11/18/2011 12:07,4.15,12391.0,Cyprus
479875,577228,22435,SET OF 9 HEART SHAPED BALLOONS,1,11/18/2011 12:07,1.25,12391.0,Cyprus
479876,577228,22818,CARD CHRISTMAS VILLAGE,24,11/18/2011 12:07,0.42,12391.0,Cyprus
479877,577228,23008,DOLLY GIRL BABY GIFT SET,1,11/18/2011 12:07,16.95,12391.0,Cyprus
479878,577228,84199,GLOW IN DARK DOLPHINS,4,11/18/2011 12:07,0.21,12391.0,Cyprus
479879,577228,22144,CHRISTMAS CRAFT LITTLE FRIENDS,1,11/18/2011 12:07,2.1,12391.0,Cyprus
479880,577228,23077,DOUGHNUT LIP GLOSS ,20,11/18/2011 12:07,1.25,12391.0,Cyprus
479881,577228,23048,SET OF 10 LANTERNS FAIRY LIGHT STAR,1,11/18/2011 12:07,4.15,12391.0,Cyprus
479882,577228,22586,FELTCRAFT HAIRBAND PINK AND BLUE,1,11/18/2011 12:07,0.85,12391.0,Cyprus
479883,577228,22566,FELTCRAFT HAIRBAND PINK AND PURPLE,1,11/18/2011 12:07,0.85,12391.0,Cyprus
479884,577228,22565,FELTCRAFT HAIRBANDS PINK AND WHITE ,1,11/18/2011 12:07,0.85,12391.0,Cyprus
479885,577228,22141,CHRISTMAS CRAFT TREE TOP ANGEL,1,11/18/2011 12:07,2.1,12391.0,Cyprus
479886,577228,23128,FELTCRAFT BOY JEAN-PAUL KIT,1,11/18/2011 12:07,4.95,12391.0,Cyprus
479887,577228,22144,CHRISTMAS CRAFT LITTLE FRIENDS,1,11/18/2011 12:07,2.1,12391.0,Cyprus
479888,577228,22142,CHRISTMAS CRAFT WHITE FAIRY ,1,11/18/2011 12:07,1.45,12391.0,Cyprus
479889,577228,21841,BABY MOUSE RED GINGHAM DRESS,2,11/18/2011 12:07,4.25,12391.0,Cyprus
479890,577228,84580,MOUSE TOY WITH PINK T-SHIRT,1,11/18/2011 12:07,3.75,12391.0,Cyprus
479891,577228,84581,DOG TOY WITH PINK CROCHET SKIRT,1,11/18/2011 12:07,3.75,12391.0,Cyprus
479892,577228,23127,FELTCRAFT GIRL NICOLE KIT,1,11/18/2011 12:07,4.95,12391.0,Cyprus
479893,577228,23126,FELTCRAFT GIRL AMELIE KIT,1,11/18/2011 12:07,4.95,12391.0,Cyprus
479894,577228,84580,MOUSE TOY WITH PINK T-SHIRT,1,11/18/2011 12:07,3.75,12391.0,Cyprus
479895,577228,22270,HAPPY EASTER HANGING DECORATION,1,11/18/2011 12:07,3.75,12391.0,Cyprus
479896,577228,23048,SET OF 10 LANTERNS FAIRY LIGHT STAR,1,11/18/2011 12:07,4.15,12391.0,Cyprus
479897,577228,23156,SET OF 5 MINI GROCERY MAGNETS,1,11/18/2011 12:07,2.08,12391.0,Cyprus
479898,577228,22270,HAPPY EASTER HANGING DECORATION,1,11/18/2011 12:07,3.75,12391.0,Cyprus
479899,577228,20985,HEART CALCULATOR,1,11/18/2011 12:07,1.25,12391.0,Cyprus
479900,577228,22435,SET OF 9 HEART SHAPED BALLOONS,1,11/18/2011 12:07,1.25,12391.0,Cyprus
479901,577228,23298,SPOTTY BUNTING,1,11/18/2011 12:07,4.95,12391.0,Cyprus
479902,577228,47566,PARTY BUNTING,1,11/18/2011 12:07,4.95,12391.0,Cyprus
479903,577228,20725,LUNCH BAG RED RETROSPOT,1,11/18/2011 12:07,1.65,12391.0,Cyprus
479904,577228,22384,LUNCH BAG PINK POLKADOT,1,11/18/2011 12:07,1.65,12391.0,Cyprus
479905,577228,22273,FELTCRAFT DOLL MOLLY,1,11/18/2011 12:07,2.95,12391.0,Cyprus
479906,577228,22271,FELTCRAFT DOLL ROSIE,1,11/18/2011 12:07,2.95,12391.0,Cyprus
479907,577228,22274,FELTCRAFT DOLL EMILY,1,11/18/2011 12:07,2.95,12391.0,Cyprus
479908,577228,22749,FELTCRAFT PRINCESS CHARLOTTE DOLL,1,11/18/2011 12:07,3.75,12391.0,Cyprus
479909,577228,22128,PARTY CONES CANDY ASSORTED,12,11/18/2011 12:07,1.25,12391.0,Cyprus
479910,577228,22371,AIRLINE BAG VINTAGE TOKYO 78,1,11/18/2011 12:07,4.25,12391.0,Cyprus
479911,577228,22375,AIRLINE BAG VINTAGE JET SET BROWN,1,11/18/2011 12:07,4.25,12391.0,Cyprus
479912,577228,22374,AIRLINE BAG VINTAGE JET SET RED,1,11/18/2011 12:07,4.25,12391.0,Cyprus
479913,577228,22372,AIRLINE BAG VINTAGE WORLD CHAMPION ,1,11/18/2011 12:07,4.25,12391.0,Cyprus
479914,577228,22940,FELTCRAFT CHRISTMAS FAIRY,2,11/18/2011 12:07,4.25,12391.0,Cyprus
479915,577228,20971,PINK BLUE FELT CRAFT TRINKET BOX,2,11/18/2011 12:07,1.25,12391.0,Cyprus
479916,577228,23513,EMBROIDERED RIBBON REEL SUSIE ,1,11/18/2011 12:07,2.08,12391.0,Cyprus
479917,577228,23512,EMBROIDERED RIBBON REEL ROSIE,1,11/18/2011 12:07,2.08,12391.0,Cyprus
479918,577228,23511,EMBROIDERED RIBBON REEL EMILY ,1,11/18/2011 12:07,2.08,12391.0,Cyprus
479919,577228,23518,EMBROIDERED RIBBON REEL RACHEL ,1,11/18/2011 12:07,2.89,12391.0,Cyprus
479920,577228,23515,EMBROIDERED RIBBON REEL DAISY ,1,11/18/2011 12:07,2.08,12391.0,Cyprus
479921,577228,23517,EMBROIDERED RIBBON REEL REBECCA ,1,11/18/2011 12:07,2.89,12391.0,Cyprus
479922,577228,23514,EMBROIDERED RIBBON REEL SALLY ,1,11/18/2011 12:07,2.08,12391.0,Cyprus
479923,577228,23516,EMBROIDERED RIBBON REEL SOPHIE  ,1,11/18/2011 12:07,3.75,12391.0,Cyprus
479924,577228,23520,EMBROIDERED RIBBON REEL RUBY ,1,11/18/2011 12:07,3.75,12391.0,Cyprus
479925,577228,23579,SNACK TRAY I LOVE LONDON,1,11/18/2011 12:07,1.95,12391.0,Cyprus
479926,577228,23335,EGG FRYING PAN IVORY ,1,11/18/2011 12:07,2.08,12391.0,Cyprus
479927,577228,20985,HEART CALCULATOR,2,11/18/2011 12:07,1.25,12391.0,Cyprus
479928,577228,21733,RED HANGING HEART T-LIGHT HOLDER,6,11/18/2011 12:07,2.95,12391.0,Cyprus
479929,577228,85123A,WHITE HANGING HEART T-LIGHT HOLDER,10,11/18/2011 12:07,2.95,12391.0,Cyprus
479930,577228,22804,PINK HANGING HEART T-LIGHT HOLDER,6,11/18/2011 12:07,2.95,12391.0,Cyprus
479931,577228,23156,SET OF 5 MINI GROCERY MAGNETS,1,11/18/2011 12:07,2.08,12391.0,Cyprus
479932,577228,23159,SET OF 5 PANCAKE DAY MAGNETS,2,11/18/2011 12:07,2.08,12391.0,Cyprus
479933,577228,23154,SET OF 4 JAM JAR MAGNETS,2,11/18/2011 12:07,2.08,12391.0,Cyprus
479934,577228,21125,SET 6 FOOTBALL CELEBRATION CANDLES,2,11/18/2011 12:07,1.25,12391.0,Cyprus
479935,577228,21126,SET OF 6 GIRLS CELEBRATION CANDLES,2,11/18/2011 12:07,1.25,12391.0,Cyprus
479936,577228,21439,BASKET OF TOADSTOOLS,3,11/18/2011 12:07,1.25,12391.0,Cyprus
479937,577228,22208,WOOD STAMP SET THANK YOU,1,11/18/2011 12:07,0.83,12391.0,Cyprus
479938,577228,22209,WOOD STAMP SET HAPPY BIRTHDAY,1,11/18/2011 12:07,0.83,12391.0,Cyprus
479939,577228,22210,WOOD STAMP SET BEST WISHES,1,11/18/2011 12:07,0.83,12391.0,Cyprus
479940,577228,21446,12 RED ROSE PEG PLACE SETTINGS,3,11/18/2011 12:07,1.25,12391.0,Cyprus
479941,577228,22758,LARGE PURPLE BABUSHKA NOTEBOOK  ,1,11/18/2011 12:07,1.25,12391.0,Cyprus
479942,577228,22754,SMALL RED BABUSHKA NOTEBOOK ,1,11/18/2011 12:07,0.85,12391.0,Cyprus
479943,577228,22753,SMALL YELLOW BABUSHKA NOTEBOOK ,1,11/18/2011 12:07,0.85,12391.0,Cyprus
479944,577228,84536A,ENGLISH ROSE NOTEBOOK A7 SIZE,3,11/18/2011 12:07,0.42,12391.0,Cyprus
479945,577228,22809,SET OF 6 T-LIGHTS SANTA,2,11/18/2011 12:07,2.95,12391.0,Cyprus
479946,577228,23188,VINTAGE  2 METRE FOLDING RULER,3,11/18/2011 12:07,1.65,12391.0,Cyprus
479947,577228,22759,SET OF 3 NOTEBOOKS IN PARCEL,2,11/18/2011 12:07,1.65,12391.0,Cyprus
479948,577228,23078,ICE CREAM PEN LIP GLOSS ,20,11/18/2011 12:07,1.25,12391.0,Cyprus
479949,577228,16238,PARTY TIME PENCIL ERASERS,28,11/18/2011 12:07,0.21,12391.0,Cyprus
479950,577228,21328,BALLOONS  WRITING SET ,1,11/18/2011 12:07,1.65,12391.0,Cyprus
479951,577228,22563,HAPPY STENCIL CRAFT,1,11/18/2011 12:07,1.25,12391.0,Cyprus
479952,577228,22562,MONSTERS STENCIL CRAFT,1,11/18/2011 12:07,1.25,12391.0,Cyprus
479953,577228,22564,ALPHABET STENCIL CRAFT,1,11/18/2011 12:07,1.25,12391.0,Cyprus
479954,577228,23197,SKETCHBOOK MAGNETIC SHOPPING LIST,1,11/18/2011 12:07,1.45,12391.0,Cyprus
479955,577228,23198,PANTRY MAGNETIC  SHOPPING LIST,1,11/18/2011 12:07,1.45,12391.0,Cyprus
479956,577228,23196,VINTAGE LEAF MAGNETIC NOTEPAD,1,11/18/2011 12:07,1.45,12391.0,Cyprus
479957,577228,16258A,SWIRLY CIRCULAR RUBBERS IN BAG,12,11/18/2011 12:07,0.42,12391.0,Cyprus
479958,577228,23500,KEY RING BASEBALL BOOT ASSORTED ,20,11/18/2011 12:07,1.25,12391.0,Cyprus
479959,577228,20674,GREEN POLKADOT BOWL,2,11/18/2011 12:07,1.25,12391.0,Cyprus
479960,577228,20675,BLUE POLKADOT BOWL,2,11/18/2011 12:07,1.25,12391.0,Cyprus
479961,577228,20676,RED RETROSPOT BOWL,2,11/18/2011 12:07,1.25,12391.0,Cyprus
479962,577228,20677,PINK POLKADOT BOWL,2,11/18/2011 12:07,1.25,12391.0,Cyprus
479963,577228,21061,PARTY INVITES FOOTBALL,3,11/18/2011 12:07,0.85,12391.0,Cyprus
479964,577228,23214,JINGLE BELL HEART ANTIQUE GOLD,3,11/18/2011 12:07,2.08,12391.0,Cyprus
479965,577228,37475,SET/4 COLOURFUL MIXING BOWLS,1,11/18/2011 12:07,9.95,12391.0,Cyprus
479966,577228,21528,DAIRY MAID TRADITIONAL TEAPOT ,1,11/18/2011 12:07,6.95,12391.0,Cyprus
479967,577228,22308,TEA COSY BLUE STRIPE,1,11/18/2011 12:07,2.55,12391.0,Cyprus
479968,577228,51014A,"FEATHER PEN,HOT PINK",12,11/18/2011 12:07,0.39,12391.0,Cyprus
479969,577228,21034,REX CASH+CARRY JUMBO SHOPPER,1,11/18/2011 12:07,0.95,12391.0,Cyprus
519796,C580165,22797,CHEST OF DRAWERS GINGHAM HEART ,-2,12/2/2011 11:21,16.95,12359.0,Cyprus
519797,C580165,23245,SET OF 3 REGENCY CAKE TINS,-2,12/2/2011 11:21,4.95,12359.0,Cyprus
519798,C580165,22826,LOVE SEAT ANTIQUE WHITE METAL,-1,12/2/2011 11:21,42.5,12359.0,Cyprus
519799,C580165,22720,SET OF 3 CAKE TINS PANTRY DESIGN ,-1,12/2/2011 11:21,4.95,12359.0,Cyprus
